email,name,phone,ssn,card,ip,address
user1@example.com,TEST_Person_000001,(840) 555-0118,579-00-3811,2223003122003222,198.51.100.139,1 Example Ave
user2@example.net,TEST_Person_000002,(559) 555-0119,355-00-7981,2223003122003222,203.0.113.161,2 Example Way
user3@example.com,TEST_Person_000003,(557) 555-0120,261-00-7316,371449635398431,192.0.2.32,3 Example Rd
user4@example.com,TEST_Person_000004,(358) 555-0174,722-00-5642,5105105105105100,198.51.100.70,4 Example Way
user5@example.com,TEST_Person_000005,(457) 555-0125,512-00-5711,5105105105105100,198.51.100.219,5 Example Blvd
user6@example.org,TEST_Person_000006,(326) 555-0104,233-00-1303,4000056655665556,192.0.2.59,6 Example Way
user7@example.com,TEST_Person_000007,(625) 555-0173,471-57-0000,4242424242424242,192.0.2.68,7 Example Blvd
user8@example.com,TEST_Person_000008,(615) 555-0128,544-75-0000,6011111111111117,192.0.2.221,8 Example Rd
user9@example.com,TEST_Person_000009,(814) 555-0139,752-64-0000,2223003122003222,198.51.100.88,9 Example Way
user10@example.net,TEST_Person_000010,(911) 555-0163,304-19-0000,4111111111111111,198.51.100.209,10 Example Blvd
user11@example.com,TEST_Person_000011,(583) 555-0103,594-68-0000,5555555555554444,203.0.113.118,11 Example Ave
user12@example.org,TEST_Person_000012,(774) 555-0110,051-00-4174,378282246310005,198.51.100.149,12 Example Way
user13@example.org,TEST_Person_000013,(810) 555-0146,229-00-4249,6011111111111117,192.0.2.55,13 Example Ave
user14@example.org,TEST_Person_000014,(512) 555-0189,764-00-3786,3530111333300000,203.0.113.95,14 Example Way
user15@example.net,TEST_Person_000015,(430) 555-0111,626-49-0000,4242424242424242,198.51.100.80,15 Example Way
user16@example.org,TEST_Person_000016,(808) 555-0107,264-11-0000,4000056655665556,192.0.2.163,16 Example St
user17@example.org,TEST_Person_000017,(857) 555-0128,759-00-1281,371449635398431,203.0.113.177,17 Example Rd
user18@example.net,TEST_Person_000018,(253) 555-0166,781-17-0000,5555555555554444,192.0.2.123,18 Example Way
user19@example.net,TEST_Person_000019,(980) 555-0145,331-03-0000,6011111111111117,192.0.2.114,19 Example St
user20@example.org,TEST_Person_000020,(419) 555-0105,175-00-6597,3530111333300000,198.51.100.59,20 Example St
user21@example.org,TEST_Person_000021,(885) 555-0148,202-00-7107,4000056655665556,198.51.100.137,21 Example Blvd
user22@example.net,TEST_Person_000022,(824) 555-0136,881-75-0000,6011111111111117,192.0.2.85,22 Example Blvd
user23@example.net,TEST_Person_000023,(944) 555-0134,542-05-0000,2223003122003222,198.51.100.227,23 Example St
user24@example.net,TEST_Person_000024,(372) 555-0194,670-40-0000,5105105105105100,203.0.113.13,24 Example Way
user25@example.org,TEST_Person_000025,(678) 555-0199,835-00-9752,4111111111111111,198.51.100.26,25 Example Ave
user26@example.net,TEST_Person_000026,(972) 555-0142,373-70-0000,4000056655665556,198.51.100.24,26 Example Way
user27@example.com,TEST_Person_000027,(684) 555-0155,387-00-2812,4000056655665556,198.51.100.40,27 Example Blvd
user28@example.net,TEST_Person_000028,(234) 555-0150,395-89-0000,5555555555554444,203.0.113.114,28 Example Ave
user29@example.com,TEST_Person_000029,(875) 555-0150,406-00-5912,5105105105105100,203.0.113.57,29 Example Rd
user30@example.net,TEST_Person_000030,(620) 555-0115,724-00-9999,371449635398431,192.0.2.163,30 Example Rd
user31@example.net,TEST_Person_000031,(246) 555-0113,425-00-8017,4242424242424242,198.51.100.13,31 Example Ave
user32@example.net,TEST_Person_000032,(871) 555-0135,809-87-0000,5105105105105100,198.51.100.135,32 Example Way
user33@example.com,TEST_Person_000033,(525) 555-0183,364-30-0000,5555555555554444,192.0.2.80,33 Example Way
user34@example.net,TEST_Person_000034,(512) 555-0198,115-72-0000,378282246310005,198.51.100.67,34 Example Blvd
user35@example.net,TEST_Person_000035,(342) 555-0105,051-80-0000,2223003122003222,192.0.2.188,35 Example Ave
user36@example.net,TEST_Person_000036,(482) 555-0148,153-85-0000,4111111111111111,198.51.100.152,36 Example Way
user37@example.net,TEST_Person_000037,(386) 555-0106,846-32-0000,5105105105105100,198.51.100.61,37 Example Way
user38@example.net,TEST_Person_000038,(753) 555-0131,217-34-0000,378282246310005,198.51.100.220,38 Example Way
user39@example.net,TEST_Person_000039,(270) 555-0166,817-36-0000,4242424242424242,198.51.100.83,39 Example Rd
user40@example.org,TEST_Person_000040,(870) 555-0165,303-00-4359,4242424242424242,203.0.113.217,40 Example Blvd
user41@example.com,TEST_Person_000041,(955) 555-0164,074-39-0000,371449635398431,203.0.113.77,41 Example St
user42@example.org,TEST_Person_000042,(534) 555-0178,863-93-0000,4242424242424242,203.0.113.150,42 Example Way
user43@example.net,TEST_Person_000043,(883) 555-0195,831-74-0000,4111111111111111,203.0.113.168,43 Example Way
user44@example.com,TEST_Person_000044,(217) 555-0170,212-00-6044,5555555555554444,192.0.2.214,44 Example Way
user45@example.com,TEST_Person_000045,(830) 555-0103,089-18-0000,4000056655665556,203.0.113.157,45 Example Way
user46@example.org,TEST_Person_000046,(727) 555-0105,345-00-9742,3530111333300000,203.0.113.84,46 Example Blvd
user47@example.org,TEST_Person_000047,(679) 555-0118,124-45-0000,5105105105105100,192.0.2.177,47 Example St
user48@example.com,TEST_Person_000048,(643) 555-0104,175-30-0000,5555555555554444,203.0.113.194,48 Example Ave
user49@example.org,TEST_Person_000049,(603) 555-0179,119-10-0000,4111111111111111,198.51.100.66,49 Example Ave
user50@example.com,TEST_Person_000050,(743) 555-0110,836-00-5876,378282246310005,203.0.113.25,50 Example Rd
